"job_id","job_title_short","job_location","name","job_work_from_home","salary_year_avg"
226942,"Data Analyst","Anywhere","Mantys",True,"650000.0"
547382,"Data Analyst","Anywhere","Meta",True,"336500.0"
552322,"Data Analyst","Anywhere","AT&T",True,"255829.5"
99305,"Data Analyst","Anywhere","Pinterest Job Advertisements",True,"232423.0"
1021647,"Data Analyst","Anywhere","Uclahealthcareers",True,"217000.0"
168310,"Data Analyst","Anywhere","SmartAsset",True,"205000.0"
731368,"Data Analyst","Anywhere","Inclusively",True,"189309.0"
310660,"Data Analyst","Anywhere","Motional",True,"189000.0"
1749593,"Data Analyst","Anywhere","SmartAsset",True,"186000.0"
387860,"Data Analyst","Anywhere","Get It Recruit - Information Technology",True,"184000.0"
1352513,"Data Analyst","Anywhere","A-Line Staffing Solutions",True,"170000.0"
987523,"Data Analyst","Anywhere","Kelly Science, Engineering, Technology & Telecom",True,"170000.0"
1781684,"Data Analyst","Anywhere","Robert Half",True,"170000.0"
1525451,"Data Analyst","Anywhere","Uber",True,"167000.0"
1246069,"Data Analyst","Anywhere","Plexus Resource Solutions",True,"165000.0"
712473,"Data Analyst","Anywhere","Get It Recruit - Information Technology",True,"165000.0"
1423236,"Data Analyst","Anywhere","Mayo Clinic",True,"164746.0"
1799883,"Data Analyst","Anywhere","Mayo Clinic",True,"164746.0"
618890,"Data Analyst","Anywhere","CEDARS-SINAI",True,"163500.0"
918213,"Data Analyst","Anywhere","DIRECTV",True,"160515.0"
182813,"Data Analyst","Anywhere","Get It Recruit - Information Technology",True,"160000.0"
783771,"Data Analyst","Anywhere","Robert Half",True,"160000.0"
475626,"Data Analyst","Anywhere","Realtime Recruitment",True,"160000.0"
485388,"Data Analyst","Anywhere","Edgewater Federal Solutions, Inc.",True,"157500.0"
266799,"Data Analyst","Anywhere","Uber",True,"157500.0"
25761,"Data Analyst","Anywhere","CaptivateIQ",True,"155485.5"
105157,"Data Analyst","Anywhere","Motion Recruitment",True,"155000.0"
565646,"Data Analyst","Anywhere","Zscaler",True,"152625.0"
795614,"Data Analyst","Anywhere","Zscaler",True,"152625.0"
540057,"Data Analyst","Anywhere","Rocket Money",True,"152500.0"
72957,"Data Analyst","Anywhere","US Patent and Trademark Office",True,"152221.5"
456042,"Data Analyst","Anywhere","Get It Recruit - Healthcare",True,"151500.0"
73304,"Data Analyst","Anywhere","Patterned Learning AI",True,"150000.0"
591850,"Data Analyst","Anywhere","Patterned Learning AI",True,"150000.0"
1402149,"Data Analyst","Anywhere","Edward Jones",True,"148238.5"
1694004,"Data Analyst","Anywhere","EXL Service",True,"147285.0"
712558,"Data Analyst","Anywhere","ALTA IT Services",True,"145000.0"
1329162,"Data Analyst","Anywhere","Hire With Jarvis",True,"145000.0"
479485,"Data Analyst","Anywhere","Level",True,"145000.0"
405581,"Data Analyst","Anywhere","CyberCoders",True,"145000.0"
1275642,"Data Analyst","Anywhere","Edward Jones",True,"144481.5"
149006,"Data Analyst","Anywhere","Insight Global",True,"140500.0"
1090975,"Data Analyst","Anywhere","Uber",True,"140500.0"
1049000,"Data Analyst","Anywhere","Sisense",True,"140000.0"
208403,"Data Analyst","Anywhere","Insight Global",True,"140000.0"
762220,"Data Analyst","Anywhere","IT Pros",True,"140000.0"
1392859,"Data Analyst","Anywhere","Motion Recruitment",True,"140000.0"
1300702,"Data Analyst","Anywhere","Revolut",True,"139000.0"
388392,"Data Analyst","Anywhere","United Services Automobile Association",True,"138640.0"
1482852,"Data Analyst","Anywhere","Overmind",True,"138500.0"
350382,"Data Analyst","Anywhere","Get It Recruit - Information Technology",True,"138000.0"
835092,"Data Analyst","Anywhere","Insight Global, Inc.",True,"137500.0"
740073,"Data Analyst","Anywhere","WhiteCrow",True,"137000.0"
777802,"Data Analyst","Anywhere","Robert Half",True,"135000.0"
1326467,"Data Analyst","Anywhere","EPIC Brokers",True,"135000.0"
513988,"Data Analyst","Anywhere","Get It Recruit - Hospitality",True,"135000.0"
479965,"Data Analyst","Anywhere","InvestM Technology LLC",True,"135000.0"
990420,"Data Analyst","Anywhere","Get It Recruit - Information Technology",True,"132500.0"
311931,"Data Analyst","Anywhere","SoftDev Incorporated",True,"132500.0"
262837,"Data Analyst","Anywhere","Osmind",True,"132500.0"
447569,"Data Analyst","Anywhere","Kforce Technology Staffing",True,"130000.0"
1531276,"Data Analyst","Anywhere","Alpha Silicon",True,"130000.0"
1209798,"Data Analyst","Anywhere","Doximity",True,"130000.0"
92703,"Data Analyst","Anywhere","Launch Consulting Group",True,"130000.0"
1686779,"Data Analyst","Anywhere","Get It Recruit - Information Technology",True,"130000.0"
21451,"Data Analyst","Anywhere","ApTask",True,"130000.0"
1566076,"Data Analyst","Anywhere","Lonza",True,"129000.0"
1791785,"Data Analyst","Anywhere","Cash App",True,"127000.0"
1148444,"Data Analyst","Anywhere","Acorns",True,"127000.0"
592669,"Data Analyst","Anywhere","ICF",True,"126452.0"
116211,"Data Analyst","Anywhere","UnitedHealthcare",True,"126000.0"
502626,"Data Analyst","Anywhere","UnitedHealth Group",True,"126000.0"
1735665,"Data Analyst","Anywhere","USAA",True,"125930.0"
748965,"Data Analyst","Anywhere","Uber",True,"125500.0"
900945,"Data Analyst","Anywhere","The Walt Disney Company",True,"125000.0"
285447,"Data Analyst","Anywhere","Robert Half",True,"125000.0"
1551308,"Data Analyst","Anywhere","Get It Recruit - Information Technology",True,"125000.0"
1229773,"Data Analyst","Anywhere","Infinity Consulting Solutions, Inc.",True,"125000.0"
400967,"Data Analyst","Anywhere","PWR Staffing & Recruiting",True,"125000.0"
300502,"Data Analyst","Anywhere","Get It Recruit - Real Estate",True,"125000.0"
595967,"Data Analyst","Anywhere","Starbridge Partners",True,"125000.0"
1216840,"Data Analyst","Anywhere","hims & hers",True,"125000.0"
1682817,"Data Analyst","Anywhere","Blackstone Consulting, Inc.",True,"124500.0"
821092,"Data Analyst","Anywhere","Cloudflare",True,"124000.0"
970857,"Data Analyst","Anywhere","Exact Sciences Corporation",True,"123249.5"
631753,"Data Analyst","Anywhere","Get It Recruit - Information Technology",True,"123000.0"
596565,"Data Analyst","Anywhere","ICF",True,"122769.0"
1015777,"Data Analyst","Anywhere","Analytic Recruiting Inc.",True,"122500.0"
841943,"Data Analyst","Anywhere","Get It Recruit - Finance",True,"122500.0"
238020,"Data Analyst","Anywhere","Innova Solutions",True,"122500.0"
426033,"Data Analyst","Anywhere","CloudFlare",True,"122000.0"
298860,"Data Analyst","Anywhere","Cloudflare",True,"122000.0"
946582,"Data Analyst","Anywhere","Jobot",True,"120000.0"
1191992,"Data Analyst","Anywhere","Robert Half",True,"120000.0"
236172,"Data Analyst","Anywhere","Get It Recruit - Information Technology",True,"120000.0"
999820,"Data Analyst","Anywhere","LAI",True,"120000.0"
1611348,"Data Analyst","Anywhere","M13",True,"120000.0"
587198,"Data Analyst","Anywhere","Motion Recruitment",True,"120000.0"
1132443,"Data Analyst","Anywhere","US Development Finance Corporation (formerly Overseas Private Investment Corporation)",True,"119908.0"
446029,"Data Analyst","Anywhere","CVS Health",True,"119200.0"
876656,"Data Analyst","Anywhere","CVS Health",True,"119200.0"
945180,"Data Analyst","Anywhere","Get It Recruit - Healthcare",True,"117713.0"
436153,"Data Analyst","Anywhere","Robert Half",True,"117500.0"
685438,"Data Analyst","Anywhere","Jobot",True,"117500.0"
1124418,"Data Analyst","Anywhere","Get It Recruit - Information Technology",True,"117500.0"
131427,"Data Analyst","Anywhere","Get It Recruit - Information Technology",True,"117000.0"
16358,"Data Analyst","Anywhere","Kern Health Systems",True,"115791.5"
1788827,"Data Analyst","Anywhere","Kern Health Systems",True,"115791.5"
1574716,"Data Analyst","Anywhere","Kern Health Systems",True,"115791.5"
24351,"Data Analyst","Anywhere","ManyPets",True,"115000.0"
198747,"Data Analyst","Anywhere","Robert Half",True,"115000.0"
1403108,"Data Analyst","Anywhere","Get It Recruit - Information Technology",True,"115000.0"
1139755,"Data Analyst","Anywhere","Lighthouse Professional Services",True,"115000.0"
357990,"Data Analyst","Anywhere","Robert Half",True,"115000.0"
728112,"Data Analyst","Anywhere","General Dynamics Information Technology",True,"115000.0"
1772547,"Data Analyst","Anywhere","Medasource",True,"115000.0"
156483,"Data Analyst","Anywhere","Robert Half",True,"115000.0"
945577,"Data Analyst","Anywhere","ICF",True,"114956.5"
467403,"Data Analyst","Anywhere","Get It Recruit - Healthcare",True,"114948.0"
857003,"Data Analyst","Anywhere","ICF",True,"114805.0"
1566879,"Data Analyst","Anywhere","Uber",True,"114000.0"
1354909,"Data Analyst","Anywhere","GEICO",True,"113500.0"
248219,"Data Analyst","Anywhere","Square",True,"112850.0"
236397,"Data Analyst","Anywhere","Get It Recruit - Healthcare",True,"112661.0"
1006256,"Data Analyst","Anywhere","InvestM Technology LLC",True,"112500.0"
71065,"Data Analyst","Anywhere","Paratus Solutions LLC",True,"112500.0"
185960,"Data Analyst","Anywhere","Get It Recruit - Information Technology",True,"112500.0"
84928,"Data Analyst","Anywhere","Seneca Resources, LLC",True,"112500.0"
576410,"Data Analyst","Anywhere","UL Solutions",True,"112500.0"
1728,"Data Analyst","Anywhere","Segue Technologies Inc",True,"112500.0"
147455,"Data Analyst","Anywhere","Cisco Meraki",True,"112050.0"
958872,"Data Analyst","Anywhere","IBM",True,"111500.0"
1814437,"Data Analyst","Anywhere","Get It Recruit - Real Estate",True,"110000.0"
446319,"Data Analyst","Anywhere","Get It Recruit - Finance",True,"110000.0"
480243,"Data Analyst","Anywhere","Cava Connect",True,"110000.0"
1490432,"Data Analyst","Anywhere","Get It Recruit - Information Technology",True,"110000.0"
1210470,"Data Analyst","Anywhere","Convergenz",True,"110000.0"
1047698,"Data Analyst","Anywhere","Insight Global",True,"110000.0"
991817,"Data Analyst","Anywhere","Get It Recruit - Finance",True,"110000.0"
1434170,"Data Analyst","Anywhere","CREDITSERVE INC",True,"110000.0"
321727,"Data Analyst","Anywhere","CREDITSERVE INC",True,"110000.0"
1574686,"Data Analyst","Anywhere","Insight Global",True,"110000.0"
382334,"Data Analyst","Anywhere","DNV",True,"110000.0"
412163,"Data Analyst","Anywhere","Apex Systems",True,"110000.0"
1592165,"Data Analyst","Anywhere","Robert Half",True,"110000.0"
409831,"Data Analyst","Anywhere","Trinity Solar Careers",True,"110000.0"
1348516,"Data Analyst","Anywhere","Executive Search Partners LLC",True,"110000.0"
894317,"Data Analyst","Anywhere","Get It Recruit - Transportation",True,"110000.0"
885463,"Data Analyst","Anywhere","Executive Search Partners LLC",True,"110000.0"
991303,"Data Analyst","Anywhere","Paradigm",True,"109600.0"
480984,"Data Analyst","Anywhere","Addepar",True,"108500.0"
1119269,"Data Analyst","Anywhere","CODING DOJO INC.",True,"107500.0"
600392,"Data Analyst","Anywhere","Insight Global",True,"107500.0"
1795029,"Data Analyst","Anywhere","Dice",True,"107500.0"
1026200,"Data Analyst","Anywhere","Rhino",True,"107500.0"
255533,"Data Analyst","Anywhere","Get It Recruit - Information Technology",True,"107500.0"
65900,"Data Analyst","Anywhere","Get It Recruit - Hospitality",True,"107500.0"
107274,"Data Analyst","Anywhere","Cherry Bekaert Advisory, LLC",True,"106562.5"
228239,"Data Analyst","Anywhere","Edward Jones",True,"106479.0"
55833,"Data Analyst","Anywhere","Edward Jones",True,"106479.0"
617583,"Data Analyst","Anywhere","Edward Jones",True,"106479.0"
1454946,"Data Analyst","Anywhere","Get It Recruit - Information Technology",True,"106000.0"
800017,"Data Analyst","Anywhere","Get It Recruit - Information Technology",True,"106000.0"
1352378,"Data Analyst","Anywhere","Vantage Consulting",True,"105000.0"
1640497,"Data Analyst","Anywhere","Cnam - Auditeurs - Accueil",True,"105000.0"
1091932,"Data Analyst","Anywhere","Get It Recruit - Healthcare",True,"105000.0"
1344229,"Data Analyst","Anywhere","Vista Global Solutions, LLC",True,"105000.0"
1069248,"Data Analyst","Anywhere","Starr And Associates LLC",True,"105000.0"
909000,"Data Analyst","Anywhere","EL Education (Formerly Expeditionary Learning)",True,"105000.0"
426601,"Data Analyst","Anywhere","Syrup",True,"105000.0"
601788,"Data Analyst","Anywhere","Get It Recruit - Information Technology",True,"105000.0"
936268,"Data Analyst","Anywhere","Syndicatebleu",True,"105000.0"
371104,"Data Analyst","Anywhere","Modis",True,"105000.0"
1309967,"Data Analyst","Anywhere","CyberCoders",True,"105000.0"
748403,"Data Analyst","Anywhere","Pitney Bowes",True,"104300.0"
380744,"Data Analyst","Anywhere","Health Plan of San Mateo",True,"104106.5"
909351,"Data Analyst","Anywhere","Get It Recruit - Information Technology",True,"104000.0"
1559111,"Data Analyst","Anywhere","Get It Recruit - Information Technology",True,"103500.0"
1061483,"Data Analyst","Anywhere","Get It Recruit - Finance",True,"103049.5"
1679633,"Data Analyst","Anywhere","Get It Recruit - Information Technology",True,"103000.0"
707689,"Data Analyst","Anywhere","Get It Recruit - Information Technology",True,"103000.0"
1667594,"Data Analyst","Anywhere","AIDS Healthcare Foundation",True,"103000.0"
523374,"Data Analyst","Anywhere","Insight Global",True,"102500.0"
949643,"Data Analyst","Anywhere","Get It Recruit - Information Technology",True,"102500.0"
61021,"Data Analyst","Anywhere","The Phoenix Group",True,"102500.0"
535535,"Data Analyst","Anywhere","Orion Groups",True,"102500.0"
1277458,"Data Analyst","Anywhere","ZipRecruiter",True,"102250.0"
1526567,"Data Analyst","Anywhere","Get It Recruit - Information Technology",True,"102000.0"
4420,"Data Analyst","Anywhere","Get It Recruit - Information Technology",True,"102000.0"
1378977,"Data Analyst","Anywhere","Get It Recruit - Information Technology",True,"102000.0"
686507,"Data Analyst","Anywhere","Get It Recruit - Information Technology",True,"101500.0"
1440,"Data Analyst","Anywhere","Get It Recruit - Information Technology",True,"101500.0"
1234973,"Data Analyst","Anywhere","Get It Recruit - Information Technology",True,"101500.0"
838504,"Data Analyst","Anywhere","Optum",True,"100400.0"
1514995,"Data Analyst","Anywhere","UnitedHealth Group",True,"100400.0"
136192,"Data Analyst","Anywhere","UnitedHealth Group",True,"100400.0"
1519017,"Data Analyst","Anywhere","UnitedHealth Group",True,"100400.0"
262921,"Data Analyst","Anywhere","SAIC",True,"100000.5"
524146,"Data Analyst","Anywhere","Hearth",True,"100000.0"
1785328,"Data Analyst","Anywhere","Insight Global Healthcare",True,"100000.0"
43545,"Data Analyst","Anywhere","InvestM Technology LLC",True,"100000.0"
1331634,"Data Analyst","Anywhere","InvestM Technology LLC",True,"100000.0"
736533,"Data Analyst","Anywhere","LHH",True,"100000.0"
309300,"Data Analyst","Anywhere","Scaleai",True,"100000.0"
1217891,"Data Analyst","Anywhere","Get It Recruit - Information Technology",True,"100000.0"
327502,"Data Analyst","Anywhere","Robert Half",True,"100000.0"
882690,"Data Analyst","Anywhere","LHH",True,"100000.0"
420972,"Data Analyst","Anywhere","Insight Global",True,"100000.0"
734020,"Data Analyst","Anywhere","Govcio LLC",True,"100000.0"
670899,"Data Analyst","Anywhere","Calbright College",True,"99746.90625"
1064019,"Data Analyst","Anywhere","Ogletree Deakins",True,"99500.0"
1733276,"Data Analyst","Anywhere","Get It Recruit - Information Technology",True,"99500.0"
867791,"Data Analyst","Anywhere","Get It Recruit - Technology",True,"99000.0"
1332763,"Data Analyst","Anywhere","Ad Hoc Team",True,"98800.0"
284410,"Data Analyst","Anywhere","Goldbelt, Inc.",True,"98750.0"
1149238,"Data Analyst","Anywhere","Get It Recruit - Technology",True,"98500.0"
1044426,"Data Analyst","Anywhere","Get It Recruit - Information Technology",True,"98000.0"
630777,"Data Analyst","Anywhere","CRED iQ",True,"97500.0"
1714018,"Data Analyst","Anywhere","Cognizant Technology Solutions",True,"97500.0"
1691565,"Data Analyst","Anywhere","InvestM Technology LLC",True,"97500.0"
498516,"Data Analyst","Anywhere","Motion Recruitment",True,"97500.0"
35406,"Data Analyst","Anywhere","Central California Alliance for Health (Remote)",True,"97070.5"
339556,"Data Analyst","Anywhere","Driscoll's",True,"97000.0"
1299756,"Data Analyst","Anywhere","Respawn Entertainment",True,"96400.0"
1791218,"Data Analyst","Anywhere","Booz Allen Hamilton",True,"95700.0"
1601917,"Data Analyst","Anywhere","Insight Global",True,"95680.0"
703426,"Data Analyst","Anywhere","Insight Global",True,"95680.0"
1519639,"Data Analyst","Anywhere","Booz Allen Hamilton",True,"95650.0"
735880,"Data Analyst","Anywhere","Olympus Corporation of the Americas",True,"95500.0"
354407,"Data Analyst","Anywhere","Get It Recruit - Finance",True,"95329.0"
690438,"Data Analyst","Anywhere","CVS Health",True,"95150.0"
430230,"Data Analyst","Anywhere","Ryder System",True,"95000.0"
78069,"Data Analyst","Anywhere","Polygence",True,"95000.0"
542425,"Data Analyst","Anywhere","Jobot",True,"95000.0"
1156421,"Data Analyst","Anywhere","Motion Recruitment",True,"95000.0"
1359967,"Data Analyst","Anywhere","Clark Associates",True,"95000.0"
369634,"Data Analyst","Anywhere","Hays",True,"95000.0"
945198,"Data Analyst","Anywhere","General Dynamics Information Technology",True,"95000.0"
204667,"Data Analyst","Anywhere","Get It Recruit - Finance",True,"95000.0"
1491918,"Data Analyst","Anywhere","IDR, Inc.",True,"95000.0"
1355313,"Data Analyst","Anywhere","United Site Services",True,"95000.0"
1467775,"Data Analyst","Anywhere","Insight Global",True,"95000.0"
328827,"Data Analyst","Anywhere","HopSkipDrive",True,"95000.0"
1240374,"Data Analyst","Anywhere","Insight Global",True,"95000.0"
1230135,"Data Analyst","Anywhere","Earnest Analytics",True,"95000.0"
796604,"Data Analyst","Anywhere","Polygence",True,"95000.0"
334078,"Data Analyst","Anywhere","American Red Cross",True,"95000.0"
1127339,"Data Analyst","Anywhere","Protect Democracy",True,"94871.5"
961597,"Data Analyst","Anywhere","The Cigna Group",True,"94400.0"
1243771,"Data Analyst","Anywhere","Tactis LLC",True,"94000.0"
133125,"Data Analyst","Anywhere","Get It Recruit - Information Technology",True,"93000.0"
75704,"Data Analyst","Anywhere","Get It Recruit - Information Technology",True,"93000.0"
960363,"Data Analyst","Anywhere","Medidata Solutions",True,"92750.0"
758193,"Data Analyst","Anywhere","LeanTaaS",True,"92500.0"
1190547,"Data Analyst","Anywhere","HopSkipDrive",True,"92500.0"
1098113,"Data Analyst","Anywhere","0nward Select",True,"92500.0"
738823,"Data Analyst","Anywhere","OUTFITTERY",True,"92000.0"
1178655,"Data Analyst","Anywhere","Get It Recruit - Information Technology",True,"91000.0"
382064,"Data Analyst","Anywhere","Get It Recruit - Finance",True,"90000.0"
811436,"Data Analyst","Anywhere","Get It Recruit - Finance",True,"90000.0"
1729407,"Data Analyst","Anywhere","General Dynamics Information Technology",True,"90000.0"
196796,"Data Analyst","Anywhere","Angi",True,"90000.0"
258262,"Data Analyst","Anywhere","Get It Recruit - Real Estate",True,"90000.0"
293077,"Data Analyst","Anywhere","Get It Recruit - Administrative",True,"90000.0"
514485,"Data Analyst","Anywhere","Constant Associates",True,"90000.0"
468153,"Data Analyst","Anywhere","Axelerate",True,"90000.0"
25749,"Data Analyst","Anywhere","Get It Recruit - Finance",True,"90000.0"
326110,"Data Analyst","Anywhere","Preveta",True,"90000.0"
321007,"Data Analyst","Anywhere","Maximus",True,"90000.0"
1647550,"Data Analyst","Anywhere","Get It Recruit - Finance",True,"90000.0"
613034,"Data Analyst","Anywhere","Get It Recruit - Finance",True,"90000.0"
391159,"Data Analyst","Anywhere","CVS Health",True,"90000.0"
680315,"Data Analyst","Anywhere","Gotely",True,"90000.0"
354417,"Data Analyst","Anywhere","EcoCart",True,"90000.0"
1228142,"Data Analyst","Anywhere","Grant Leading Technology, LLC",True,"90000.0"
846860,"Data Analyst","Anywhere","Get It Recruit - Real Estate",True,"90000.0"
914174,"Data Analyst","Anywhere","Home Depot / THD",True,"90000.0"
581546,"Data Analyst","Anywhere","Engage Partners Inc.",True,"90000.0"
1244897,"Data Analyst","Anywhere","Get It Recruit - Real Estate",True,"90000.0"
1186631,"Data Analyst","Anywhere","Adaptive Solutions Group",True,"90000.0"
648986,"Data Analyst","Anywhere","Get It Recruit - Finance",True,"90000.0"
1810744,"Data Analyst","Anywhere","Venteon",True,"90000.0"
1560173,"Data Analyst","Anywhere","CyberCoders",True,"90000.0"
714930,"Data Analyst","Anywhere","Motion Recruitment",True,"90000.0"
116825,"Data Analyst","Anywhere","hackajob",True,"90000.0"
1152523,"Data Analyst","Anywhere","Get It Recruit - Real Estate",True,"90000.0"
419649,"Data Analyst","Anywhere","Get It Recruit - Finance",True,"90000.0"
663590,"Data Analyst","Anywhere","Labor, Department of",True,"89833.5"
122927,"Data Analyst","Anywhere","Heluna Health",True,"89796.0"
1618146,"Data Analyst","Anywhere","Verizon",True,"89500.0"
833662,"Data Analyst","Anywhere","World Education Services",True,"89000.0"
660036,"Data Analyst","Anywhere","Get It Recruit - Transportation",True,"89000.0"
1209792,"Data Analyst","Anywhere","Get It Recruit - Information Technology",True,"88000.0"
1657752,"Data Analyst","Anywhere","Get It Recruit - Transportation",True,"88000.0"
66566,"Data Analyst","Anywhere","Vatica Health",True,"87500.0"
30317,"Data Analyst","Anywhere","Insight Global",True,"87500.0"
352252,"Data Analyst","Anywhere","Get It Recruit - Administrative",True,"87500.0"
748524,"Data Analyst","Anywhere","Oxfam America",True,"87500.0"
915649,"Data Analyst","Anywhere","Get It Recruit - Information Technology",True,"87500.0"
826590,"Data Analyst","Anywhere","Beacon Hill Staffing Group",True,"87500.0"
1489901,"Data Analyst","Anywhere","Predictive Data Lab",True,"87500.0"
1433360,"Data Analyst","Anywhere","SeatGeek",True,"87500.0"
916210,"Data Analyst","Anywhere","Get It Recruit - Information Technology",True,"87000.0"
961041,"Data Analyst","Anywhere","Get It Recruit - Information Technology",True,"87000.0"
401243,"Data Analyst","Anywhere","Get It Recruit - Information Technology",True,"86500.0"
1704094,"Data Analyst","Anywhere","Get It Recruit - Information Technology",True,"86500.0"
456839,"Data Analyst","Anywhere","Get It Recruit - Information Technology",True,"86000.0"
1638633,"Data Analyst","Anywhere","Get It Recruit - Information Technology",True,"85500.0"
1782272,"Data Analyst","Anywhere","FocusKPI Inc.",True,"85000.0"
1085007,"Data Analyst","Anywhere","DeepIntent",True,"85000.0"
710614,"Data Analyst","Anywhere","Envision Staffing Solutions",True,"85000.0"
27772,"Data Analyst","Anywhere","Redwood Strategy Group",True,"85000.0"
1112585,"Data Analyst","Anywhere","BlueLabs Analytics, Inc.",True,"85000.0"
1215316,"Data Analyst","Anywhere","Impact Genome",True,"85000.0"
384007,"Data Analyst","Anywhere","Motion Recruitment",True,"85000.0"
1640252,"Data Analyst","Anywhere","Get It Recruit - Information Technology",True,"85000.0"
382000,"Data Analyst","Anywhere","Prime Team Partners",True,"85000.0"
196337,"Data Analyst","Anywhere","SimioCloud",True,"85000.0"
52176,"Data Analyst","Anywhere","Mint Mobile",True,"85000.0"
1458260,"Data Analyst","Anywhere","QSE7, LLC",True,"85000.0"
1201469,"Data Analyst","Anywhere","Peopletek",True,"85000.0"
50602,"Data Analyst","Anywhere","Impact Genome",True,"85000.0"
1762396,"Data Analyst","Anywhere","Impact Genome",True,"85000.0"
314738,"Data Analyst","Anywhere","Get It Recruit - Information Technology",True,"85000.0"
1766497,"Data Analyst","Anywhere","Get It Recruit - Healthcare",True,"84950.0"
1811540,"Data Analyst","Anywhere","Ronin Staffing",True,"84800.0"
1813745,"Data Analyst","Anywhere","Get It Recruit - Information Technology",True,"84500.0"
1540216,"Data Analyst","Anywhere","Get It Recruit - Information Technology",True,"84500.0"
104800,"Data Analyst","Anywhere","Get It Recruit - Information Technology",True,"84500.0"
1736157,"Data Analyst","Anywhere","Get It Recruit - Information Technology",True,"84500.0"
1163106,"Data Analyst","Anywhere","Get It Recruit - Information Technology",True,"84500.0"
133854,"Data Analyst","Anywhere","Get It Recruit - Finance",True,"84500.0"
547661,"Data Analyst","Anywhere","Get It Recruit - Information Technology",True,"84500.0"
496663,"Data Analyst","Anywhere","Get It Recruit - Information Technology",True,"84500.0"
367476,"Data Analyst","Anywhere","Get It Recruit - Information Technology",True,"84500.0"
444259,"Data Analyst","Anywhere","Get It Recruit - Information Technology",True,"84500.0"
398669,"Data Analyst","Anywhere","Get It Recruit - Information Technology",True,"84500.0"
1558833,"Data Analyst","Anywhere","Get It Recruit - Information Technology",True,"84000.0"
23358,"Data Analyst","Anywhere","Get It Recruit - Information Technology",True,"84000.0"
1551217,"Data Analyst","Anywhere","Get It Recruit - Information Technology",True,"84000.0"
122796,"Data Analyst","Anywhere","Get It Recruit - Information Technology",True,"84000.0"
1761702,"Data Analyst","Anywhere","Get It Recruit - Information Technology",True,"84000.0"
998283,"Data Analyst","Anywhere","Get It Recruit - Information Technology",True,"84000.0"
858421,"Data Analyst","Anywhere","Get It Recruit - Information Technology",True,"84000.0"
918810,"Data Analyst","Anywhere","Get It Recruit - Information Technology",True,"84000.0"
1155449,"Data Analyst","Anywhere","Get It Recruit - Information Technology",True,"84000.0"
1156181,"Data Analyst","Anywhere","Get It Recruit - Information Technology",True,"84000.0"
1683817,"Data Analyst","Anywhere","Get It Recruit - Information Technology",True,"84000.0"
894665,"Data Analyst","Anywhere","Get It Recruit - Information Technology",True,"84000.0"
1544793,"Data Analyst","Anywhere","Get It Recruit - Information Technology",True,"84000.0"
1153109,"Data Analyst","Anywhere","Get It Recruit - Information Technology",True,"83500.0"
197120,"Data Analyst","Anywhere","Robert Half",True,"83500.0"
1128758,"Data Analyst","Anywhere","Get It Recruit - Information Technology",True,"83500.0"
1632454,"Data Analyst","Anywhere","Insight Global",True,"83500.0"
1618469,"Data Analyst","Anywhere","Get It Recruit - Information Technology",True,"83500.0"
1366794,"Data Analyst","Anywhere","Get It Recruit - Information Technology",True,"83500.0"
309335,"Data Analyst","Anywhere","Get It Recruit - Information Technology",True,"83500.0"
457003,"Data Analyst","Anywhere","Memorial Sloan Kettering Cancer Center",True,"83200.0"
604141,"Data Analyst","Anywhere","Alameda Health Consortium/Community Health Center Network",True,"83000.0"
373211,"Data Analyst","Anywhere","Get It Recruit - Information Technology",True,"83000.0"
1656466,"Data Analyst","Anywhere","Get It Recruit - Information Technology",True,"83000.0"
1005824,"Data Analyst","Anywhere","General Dynamics Information Technology",True,"83000.0"
984993,"Data Analyst","Anywhere","Luxury Presence",True,"82750.0"
908469,"Data Analyst","Anywhere","Get It Recruit - Information Technology",True,"82500.0"
1758551,"Data Analyst","Anywhere","Complete HR Solutions",True,"82500.0"
672574,"Data Analyst","Anywhere","Emotive",True,"82500.0"
1621876,"Data Analyst","Anywhere","Customer Value Partners",True,"82500.0"
1715658,"Data Analyst","Anywhere","Get It Recruit - Information Technology",True,"82500.0"
1269187,"Data Analyst","Anywhere","Get It Recruit - Information Technology",True,"82500.0"
95123,"Data Analyst","Anywhere","Get It Recruit - Information Technology",True,"82500.0"
1795056,"Data Analyst","Anywhere","Vitalief Inc.",True,"82500.0"
1727059,"Data Analyst","Anywhere","Get It Recruit - Information Technology",True,"82500.0"
863059,"Data Analyst","Anywhere","Confidential",True,"82500.0"
838391,"Data Analyst","Anywhere","Get It Recruit - Information Technology",True,"82500.0"
103900,"Data Analyst","Anywhere","Get It Recruit - Information Technology",True,"82500.0"
427343,"Data Analyst","Anywhere","Get It Recruit - Information Technology",True,"82500.0"
934891,"Data Analyst","Anywhere","CyberCoders",True,"82500.0"
337179,"Data Analyst","Anywhere","Get It Recruit - Information Technology",True,"82500.0"
879043,"Data Analyst","Anywhere","Village Care",True,"82350.5"
1296038,"Data Analyst","Anywhere","Get It Recruit - Information Technology",True,"82000.0"
1115037,"Data Analyst","Anywhere","Get It Recruit - Information Technology",True,"82000.0"
288466,"Data Analyst","Anywhere","Get It Recruit - Information Technology",True,"82000.0"
318830,"Data Analyst","Anywhere","Get It Recruit - Information Technology",True,"82000.0"
5174,"Data Analyst","Anywhere","Get It Recruit - Information Technology",True,"82000.0"
463381,"Data Analyst","Anywhere","Get It Recruit - Information Technology",True,"82000.0"
223644,"Data Analyst","Anywhere","Get It Recruit - Information Technology",True,"81500.0"
1638787,"Data Analyst","Anywhere","Get It Recruit - Information Technology",True,"81500.0"
1436603,"Data Analyst","Anywhere","New York State Office of the Attorney General",True,"81047.0"
606788,"Data Analyst","Anywhere","Get It Recruit - Information Technology",True,"81000.0"
143947,"Data Analyst","Anywhere","Get It Recruit - Information Technology",True,"81000.0"
980665,"Data Analyst","Anywhere","Get It Recruit - Information Technology",True,"81000.0"
413083,"Data Analyst","Anywhere","Get It Recruit - Information Technology",True,"81000.0"
1025744,"Data Analyst","Anywhere","InsideHigherEd",True,"80740.0"
1049953,"Data Analyst","Anywhere","California State University",True,"80500.0"
1472332,"Data Analyst","Anywhere","Get It Recruit - Information Technology",True,"80500.0"
670376,"Data Analyst","Anywhere","Get It Recruit - Finance",True,"80500.0"
711091,"Data Analyst","Anywhere","Automobile Club of Southern California",True,"80250.0"
1354750,"Data Analyst","Anywhere","Coders Data",True,"80000.0"
564679,"Data Analyst","Anywhere","Coders Data",True,"80000.0"
483152,"Data Analyst","Anywhere","New World Now LLC",True,"80000.0"
1434052,"Data Analyst","Anywhere","FutureNET",True,"80000.0"
566131,"Data Analyst","Anywhere","Medix Technology",True,"80000.0"
1333002,"Data Analyst","Anywhere","Get It Recruit - Information Technology",True,"80000.0"
690454,"Data Analyst","Anywhere","Gravy Analytics",True,"80000.0"
1236616,"Data Analyst","Anywhere","Peraton",True,"80000.0"
1075985,"Data Analyst","Anywhere","Get It Recruit - Information Technology",True,"80000.0"
940759,"Data Analyst","Anywhere","Get It Recruit - Information Technology",True,"80000.0"
550113,"Data Analyst","Anywhere","Motion Recruitment",True,"80000.0"
664113,"Data Analyst","Anywhere","CrowdStrike",True,"80000.0"
794255,"Data Analyst","Anywhere","ATR International",True,"80000.0"
6083,"Data Analyst","Anywhere","EUCON AMERICAS LLC",True,"80000.0"
911869,"Data Analyst","Anywhere","CBRE",True,"80000.0"
319413,"Data Analyst","Anywhere","Coders Data",True,"80000.0"
276098,"Data Analyst","Anywhere","HighGround",True,"80000.0"
519106,"Data Analyst","Anywhere","Itemize Corp.",True,"80000.0"
430789,"Data Analyst","Anywhere","Get It Recruit - Technology",True,"79968.0"
1801810,"Data Analyst","Anywhere","Get It Recruit - Information Technology",True,"79500.0"
36488,"Data Analyst","Anywhere","Texas Workforce Commission",True,"79415.5"
401772,"Data Analyst","Anywhere","Teacher Retirement System of Texas",True,"79060.5"
189043,"Data Analyst","Anywhere","Apex Systems",True,"79000.0"
59423,"Data Analyst","Anywhere","Get It Recruit - Healthcare",True,"78040.0"
1723219,"Data Analyst","Anywhere","Visual Connections, LLC",True,"78000.0"
502625,"Data Analyst","Anywhere","Simplex.",True,"77500.0"
1745486,"Data Analyst","Anywhere","Get It Recruit - Information Technology",True,"77500.0"
435726,"Data Analyst","Anywhere","JDC",True,"77500.0"
1600670,"Data Analyst","Anywhere","Get It Recruit - Finance",True,"77500.0"
397963,"Data Analyst","Anywhere","Coders Data",True,"77500.0"
1311958,"Data Analyst","Anywhere","Get It Recruit - Administrative",True,"77500.0"
704236,"Data Analyst","Anywhere","Get It Recruit - Information Technology",True,"77500.0"
1101994,"Data Analyst","Anywhere","NBCUniversal",True,"77500.0"
1236681,"Data Analyst","Anywhere","Simplex",True,"77500.0"
1379514,"Data Analyst","Anywhere","Wilbur-Ellis Company",True,"77350.0"
974504,"Data Analyst","Anywhere","Get It Recruit - Information Technology",True,"77000.0"
411881,"Data Analyst","Anywhere","Get It Recruit - Healthcare",True,"76842.0"
1500082,"Data Analyst","Anywhere","Get It Recruit - Healthcare",True,"76783.0"
487133,"Data Analyst","Anywhere","Get It Recruit - Healthcare",True,"76559.0"
558598,"Data Analyst","Anywhere","Invitae",True,"76500.0"
1219618,"Data Analyst","Anywhere","Stride inc",True,"76364.5"
959874,"Data Analyst","Anywhere","Get It Recruit - Healthcare",True,"76007.0"
164596,"Data Analyst","Anywhere","Get It Recruit - Healthcare",True,"76007.0"
1259256,"Data Analyst","Anywhere","Get It Recruit - Transportation",True,"76000.0"
757196,"Data Analyst","Anywhere","UiPath",True,"76000.0"
371461,"Data Analyst","Anywhere","Get It Recruit - Marketing",True,"75566.0"
1068141,"Data Analyst","Anywhere","ServiceTitan",True,"75500.0"
1365513,"Data Analyst","Anywhere","Teacher Retirement System of Texas",True,"75296.0"
368638,"Data Analyst","Anywhere","Memorial Sloan Kettering Cancer Center",True,"75250.0"
1517483,"Data Analyst","Anywhere","KodeKloud",True,"75000.0"
1321085,"Data Analyst","Anywhere","Patterned Learning AI",True,"75000.0"
210881,"Data Analyst","Anywhere","CyberCoders",True,"75000.0"
156786,"Data Analyst","Anywhere","Patterned Learning AI",True,"75000.0"
240037,"Data Analyst","Anywhere","Get It Recruit - Hospitality",True,"75000.0"
257140,"Data Analyst","Anywhere","Veeva Systems",True,"75000.0"
341807,"Data Analyst","Anywhere","Get It Recruit - Information Technology",True,"75000.0"
1065749,"Data Analyst","Anywhere","Chicken of the Sea",True,"75000.0"
1241014,"Data Analyst","Anywhere","Health Choice Network",True,"75000.0"
1170721,"Data Analyst","Anywhere","Patterned Learning AI",True,"75000.0"
764861,"Data Analyst","Anywhere","Chicken of the Sea",True,"75000.0"
1461191,"Data Analyst","Anywhere","Zunch Staffing",True,"75000.0"
1406540,"Data Analyst","Anywhere","Beyond 12",True,"75000.0"
1210145,"Data Analyst","Anywhere","Health Choice Network",True,"75000.0"
221984,"Data Analyst","Anywhere","MaryRuth's",True,"75000.0"
555049,"Data Analyst","Anywhere","Engage Partners Inc.",True,"75000.0"
479282,"Data Analyst","Anywhere","hackajob",True,"75000.0"
193923,"Data Analyst","Anywhere","Get It Recruit - Transportation",True,"75000.0"
1513802,"Data Analyst","Anywhere","In Technology Group Inc (US)",True,"75000.0"
813827,"Data Analyst","Anywhere","Southern California University",True,"74500.0"
47248,"Data Analyst","Anywhere","NCUA",True,"74224.5"
425984,"Data Analyst","Anywhere","Get It Recruit - Healthcare",True,"74049.0"
1726747,"Data Analyst","Anywhere","Applied Engineering Management Corporation",True,"74000.0"
1338279,"Data Analyst","Anywhere","Retriever Medial Dental Payments LLC",True,"74000.0"
669824,"Data Analyst","Anywhere","Get It Recruit - Healthcare",True,"73696.0"
1553132,"Data Analyst","Anywhere","Get It Recruit - Healthcare",True,"73631.0"
769341,"Data Analyst","Anywhere","Center for Open Science",True,"73000.0"
1395633,"Data Analyst","Anywhere","Get It Recruit - Finance",True,"73000.0"
1684855,"Data Analyst","Anywhere","Every Body Texas",True,"72500.0"
621498,"Data Analyst","Anywhere","Global Healthcare Exchange, Inc.",True,"72500.0"
1583314,"Data Analyst","Anywhere","Get It Recruit - Information Technology",True,"72500.0"
1446024,"Data Analyst","Anywhere","CharterUP",True,"72500.0"
93604,"Data Analyst","Anywhere","Bluesight",True,"72500.0"
468876,"Data Analyst","Anywhere","Coda Staffing",True,"72500.0"
1262610,"Data Analyst","Anywhere","Insight Global",True,"72500.0"
360331,"Data Analyst","Anywhere","CACI International Inc",True,"72450.0"
432310,"Data Analyst","Anywhere","Get It Recruit - Transportation",True,"72000.0"
361990,"Data Analyst","Anywhere","CVS Health",True,"71850.0"
1698696,"Data Analyst","Anywhere","CVS Health",True,"71850.0"
897644,"Data Analyst","Anywhere","CVS Health",True,"71850.0"
225308,"Data Analyst","Anywhere","Get It Recruit - Information Technology",True,"71000.0"
1096460,"Data Analyst","Anywhere","Get It Recruit - Information Technology",True,"70500.0"
442024,"Data Analyst","Anywhere","Coda Searchâ”‚Staffing",True,"70000.0"
1128522,"Data Analyst","Anywhere","Get It Recruit - Information Technology",True,"70000.0"
1109298,"Data Analyst","Anywhere","Get It Recruit - Information Technology",True,"70000.0"
50512,"Data Analyst","Anywhere","AdelFi",True,"70000.0"
1473524,"Data Analyst","Anywhere","Partnership Employment",True,"70000.0"
134039,"Data Analyst","Anywhere","Class Action Capital Recovery LLC",True,"70000.0"
1527329,"Data Analyst","Anywhere","Zelo Digital Recruitment",True,"70000.0"
339742,"Data Analyst","Anywhere","Kermit",True,"70000.0"
1397514,"Data Analyst","Anywhere","Get It Recruit - Information Technology",True,"70000.0"
683865,"Data Analyst","Anywhere","Global Accounting Network",True,"70000.0"
723713,"Data Analyst","Anywhere","Amplified Sourcing",True,"70000.0"
1264889,"Data Analyst","Anywhere","Get It Recruit - Information Technology",True,"70000.0"
330595,"Data Analyst","Anywhere","Ohio Shared Information Services Inc",True,"70000.0"
1717917,"Data Analyst","Anywhere","Taylor",True,"70000.0"
539154,"Data Analyst","Anywhere","Pentasia",True,"70000.0"
1625061,"Data Analyst","Anywhere","Get It Recruit - Information Technology",True,"70000.0"
482909,"Data Analyst","Anywhere","Diversified",True,"69500.0"
297571,"Data Analyst","Anywhere","Ambry Genetics Corporation",True,"69000.0"
605922,"Data Analyst","Anywhere","Get It Recruit - Information Technology",True,"67500.0"
38696,"Data Analyst","Anywhere","Insight Global",True,"67500.0"
1400357,"Data Analyst","Anywhere","AllianceChicago",True,"67500.0"
243487,"Data Analyst","Anywhere","CyberCoders",True,"67500.0"
618426,"Data Analyst","Anywhere","Get It Recruit - Information Technology",True,"67500.0"
60732,"Data Analyst","Anywhere","iTalent Digital",True,"67500.0"
534826,"Data Analyst","Anywhere","Get It Recruit - Information Technology",True,"67500.0"
1010619,"Data Analyst","Anywhere","Get It Recruit - Information Technology",True,"66500.0"
871527,"Data Analyst","Anywhere","Ascension",True,"65062.3984375"
946898,"Data Analyst","Anywhere","Patterned Learning AI",True,"65000.0"
1403912,"Data Analyst","Anywhere","Patterned Learning AI",True,"65000.0"
1334734,"Data Analyst","Anywhere","Patterned Learning AI",True,"65000.0"
604011,"Data Analyst","Anywhere","Patterned Learning AI",True,"65000.0"
394469,"Data Analyst","Anywhere","Patterned Learning AI",True,"65000.0"
384112,"Data Analyst","Anywhere","Patterned Learning AI",True,"65000.0"
179983,"Data Analyst","Anywhere","24 Seven Talent",True,"65000.0"
466817,"Data Analyst","Anywhere","Aquent Studios",True,"65000.0"
1596146,"Data Analyst","Anywhere","Insight Global",True,"65000.0"
1812494,"Data Analyst","Anywhere","Bright Power",True,"65000.0"
450752,"Data Analyst","Anywhere","Mothership Strategies, LLC",True,"65000.0"
1705282,"Data Analyst","Anywhere","Insight Global",True,"65000.0"
1463732,"Data Analyst","Anywhere","Insight Global",True,"65000.0"
1785615,"Data Analyst","Anywhere","Patterned Learning AI",True,"65000.0"
1441940,"Data Analyst","Anywhere","Get It Recruit - Information Technology",True,"65000.0"
1538266,"Data Analyst","Anywhere","Express Employment Professionals",True,"65000.0"
549336,"Data Analyst","Anywhere","Get It Recruit - Administrative",True,"65000.0"
262937,"Data Analyst","Anywhere","Citron IT, Inc.",True,"65000.0"
1526157,"Data Analyst","Anywhere","Monterey Park Auto Body Inc",True,"63991.0"
510271,"Data Analyst","Anywhere","Get It Recruit - Healthcare",True,"63594.0"
1566988,"Data Analyst","Anywhere","VetJobs & Military Spouse Jobs",True,"63000.0"
376277,"Data Analyst","Anywhere","Crescentia GTS",True,"62500.0"
1301761,"Data Analyst","Anywhere","Kaye/Bassman International",True,"62500.0"
43776,"Data Analyst","Anywhere","Kaye/Bassman International",True,"62500.0"
1650439,"Data Analyst","Anywhere","McAllister & Quinn, LLC",True,"62500.0"
329855,"Data Analyst","Anywhere","Aegon",True,"62500.0"
132241,"Data Analyst","Anywhere","CuraLinc Healthcare",True,"62500.0"
553921,"Data Analyst","Anywhere","Get It Recruit - Transportation",True,"62500.0"
1513216,"Data Analyst","Anywhere","Ryder System",True,"62500.0"
215071,"Data Analyst","Anywhere","OZ",True,"62500.0"
272662,"Data Analyst","Anywhere","Neurons Lab",True,"62000.0"
634102,"Data Analyst","Anywhere","Get It Recruit - Information Technology",True,"62000.0"
955933,"Data Analyst","Anywhere","Get It Recruit - Information Technology",True,"60500.0"
1579976,"Data Analyst","Anywhere","Get It Recruit - Information Technology",True,"60500.0"
179907,"Data Analyst","Anywhere","Get It Recruit - Information Technology",True,"60000.0"
163009,"Data Analyst","Anywhere","Get It Recruit - Marketing",True,"60000.0"
212308,"Data Analyst","Anywhere","El Buen Samaritano",True,"60000.0"
1009250,"Data Analyst","Anywhere","eStaffing Inc.",True,"60000.0"
697068,"Data Analyst","Anywhere","Kaye/Bassman International, Corp.",True,"60000.0"
143739,"Data Analyst","Anywhere","TalentKompass Deutschland",True,"60000.0"
1424729,"Data Analyst","Anywhere","BLUE STORM ASSOCIATES INC",True,"60000.0"
1431520,"Data Analyst","Anywhere","Jumpvine",True,"60000.0"
286007,"Data Analyst","Anywhere","Get It Recruit - Information Technology",True,"60000.0"
333817,"Data Analyst","Anywhere","University of North Texas Health Science Center",True,"60000.0"
1138427,"Data Analyst","Anywhere","Aflac, Incorporated",True,"60000.0"
616124,"Data Analyst","Anywhere","Get It Recruit - Finance",True,"60000.0"
758435,"Data Analyst","Anywhere","SHI International Corp.",True,"60000.0"
719006,"Data Analyst","Anywhere","Suncoast Credit Union",True,"59500.0"
1117967,"Data Analyst","Anywhere","Ryder System",True,"59000.0"
489565,"Data Analyst","Anywhere","Ryder System",True,"59000.0"
1091264,"Data Analyst","Anywhere","Webstaurant Store",True,"58000.0"
863378,"Data Analyst","Anywhere","Insight Global",True,"58000.0"
441975,"Data Analyst","Anywhere","FiberFirst",True,"57500.0"
785489,"Data Analyst","Anywhere","Stafford Consulting Company, Inc.",True,"57500.0"
346462,"Data Analyst","Anywhere","The Difference Card",True,"57500.0"
1635949,"Data Analyst","Anywhere","Get It Recruit - Information Technology",True,"57500.0"
739541,"Data Analyst","Anywhere","Ascendo Resources",True,"57300.0"
1598725,"Data Analyst","Anywhere","Get It Recruit - Information Technology",True,"55500.0"
562116,"Data Analyst","Anywhere","JARBO Employment Group",True,"55000.0"
837423,"Data Analyst","Anywhere","State of Georgia",True,"55000.0"
486466,"Data Analyst","Anywhere","WALGREENS",True,"54540.0"
198826,"Data Analyst","Anywhere","University of South Florida",True,"53000.0"
74841,"Data Analyst","Anywhere","Get It Recruit - Information Technology",True,"52500.0"
902110,"Data Analyst","Anywhere","Phoenix Capital Group Holdings LLC",True,"52500.0"
862094,"Data Analyst","Anywhere","Kaye/Bassman International",True,"52500.0"
1203514,"Data Analyst","Anywhere","Acosta, Inc.",True,"52500.0"
667237,"Data Analyst","Anywhere","Fitsoftware OU",True,"52500.0"
1049427,"Data Analyst","Anywhere","Spark451 Inc.",True,"52000.0"
642310,"Data Analyst","Anywhere","University of Maryland, Baltimore",True,"51500.0"
1073885,"Data Analyst","Anywhere","Jacksonville",True,"51059.0"
44448,"Data Analyst","Anywhere","Get It Recruit - Information Technology",True,"51000.0"
1086455,"Data Analyst","Anywhere","Get It Recruit - Information Technology",True,"50500.0"
269335,"Data Analyst","Anywhere","Get It Recruit - Information Technology",True,"50000.0"
1672776,"Data Analyst","Anywhere","Get It Recruit - Administrative",True,"50000.0"
1278164,"Data Analyst","Anywhere","Get It Recruit - Transportation",True,"50000.0"
522407,"Data Analyst","Anywhere","Get It Recruit - Information Technology",True,"50000.0"
587906,"Data Analyst","Anywhere","Makana Technologies",True,"50000.0"
1605573,"Data Analyst","Anywhere","Allied Technologies & Consulting",True,"48500.0"
1262617,"Data Analyst","Anywhere","Ali Awad Law, P.C.",True,"47500.0"
42319,"Data Analyst","Anywhere","Insight Global",True,"47500.0"
229128,"Data Analyst","Anywhere","Men's Health Clinic (MHC)",True,"47500.0"
1619146,"Data Analyst","Anywhere","Get It Recruit - Administrative",True,"46500.0"
473213,"Data Analyst","Anywhere","U.S. Wire and Cable Company/ Flexon Industries",True,"42500.0"
512966,"Data Analyst","Anywhere","BayOne Solutions",True,"41000.0"
663127,"Data Analyst","Anywhere","owl.co",True,"40000.0"
994565,"Data Analyst","Anywhere","Get It Recruit - Administrative",True,"39000.0"
1349849,"Data Analyst","Anywhere","Get It Recruit - Information Technology",True,"36000.0"
1178688,"Data Analyst","Anywhere","Jobmatchingpartner Ltd",True,"35000.0"
216489,"Data Analyst","Anywhere","ED-Energy Storage & Distributed R",True,"25000.0"
