"skills","demand_skills"
"sql","7291"
"excel","4611"
"python","4330"
"tableau","3745"
"power bi","2609"
"r","2142"
"sas","1866"
"looker","868"
"azure","821"
"powerpoint","819"
"go","815"
"aws","769"
"word","720"
"oracle","619"
"snowflake","608"
"sql server","600"
"flow","500"
"sheets","496"
"sap","491"
"jira","396"
"javascript","389"
"bigquery","374"
"spark","361"
"vba","333"
"spss","318"
"qlik","316"
"pandas","291"
"hadoop","286"
"java","281"
"databricks","277"
"gcp","271"
"git","270"
"redshift","266"
"dax","263"
"alteryx","258"
"sharepoint","246"
"ssis","244"
"ssrs","241"
"mysql","240"
"airflow","228"
"outlook","221"
"c","200"
"spreadsheet","191"
"nosql","187"
"confluence","182"
"mongodb","182"
"numpy","171"
"postgresql","165"
"gdpr","146"
"visio","141"
"github","138"
"windows","135"
"matplotlib","133"
"html","128"
"t-sql","123"
"linux","115"
"c#","112"
"cognos","111"
"pyspark","111"
"scala","110"
"microstrategy","106"
"slack","104"
"express","101"
"ms access","94"
"matlab","84"
"jupyter","83"
"crystal","82"
"kafka","81"
"c++","81"
"shell","79"
"zoom","76"
"ruby","74"
"docker","72"
"css","72"
"unix","66"
"php","64"
"powershell","62"
"db2","58"
"gitlab","57"
"scikit-learn","54"
"plotly","53"
"bash","51"
"firebase","50"
"splunk","48"
"spring","48"
"seaborn","47"
"tensorflow","47"
"kubernetes","46"
"atlassian","43"
"jenkins","39"
"bitbucket","38"
"visual basic","36"
"smartsheet","35"
"react","35"
"perl","34"
"phoenix","34"
"elasticsearch","33"
"microsoft teams","32"
"swift","32"
"planner","32"
"asana","30"
"terraform","30"
"pytorch","30"
"notion","29"
"chef","29"
"vue","23"
"node.js","22"
"dynamodb","22"
"cassandra","22"
"mongo","22"
"terminal","21"
"unity","20"
"assembly","19"
"julia","19"
"node","18"
"unify","17"
"typescript","15"
"angular","15"
"aurora","15"
"airtable","14"
"no-sql","14"
"macos","13"
"trello","13"
"django","12"
"ansible","12"
"webex","12"
"monday.com","11"
"jquery","11"
"graphql","10"
"keras","10"
"ggplot2","10"
"clickup","9"
"arch","9"
"dplyr","9"
"groovy","9"
"wire","8"
"redis","8"
"flask","8"
"rust","7"
"vb.net","7"
"mariadb","7"
"ruby on rails","6"
"cobol","6"
"golang","6"
"tidyverse","6"
"ubuntu","5"
"asp.net","5"
"selenium","5"
"sqlite","4"
"datarobot","4"
"opencv","4"
"wrike","4"
"google chat","4"
"twilio","4"
"vmware","4"
"heroku","4"
"symfony","4"
"workfront","4"
"svn","4"
"fastapi","3"
"firestore","3"
"ibm cloud","3"
"neo4j","3"
"npm","3"
"ringcentral","3"
"rshiny","3"
"symphony","3"
"watson","3"
"yarn","3"
"sass","2"
"redhat","2"
"powerbi","2"
"pascal","2"
"tidyr","2"
"nltk","2"
"kotlin","2"
"kali","2"
"dart","2"
"cordova","2"
"colocation","2"
"clojure","2"
"wsl","2"
"fortran","1"
"unreal","1"
"flutter","1"
"erlang","1"
"elixir","1"
"drupal","1"
"debian","1"
"blazor","1"
"puppet","1"
"vue.js","1"
"apl","1"
"couchbase","1"
"objective-c","1"
"asp.net core","1"
"next.js","1"
"mattermost","1"
"laravel","1"
"solidity","1"
"shogun","1"
